Id,Area,Habitaciones,Ba√±os,Garage,Antiguedad,Ubicacion,Precio
1,152,3,1,1,32,Suburbio,244286.86934593387
2,398,1,3,1,48,Centro,535132.8307077979
3,320,5,3,1,20,Centro,487556.11859413114
4,156,4,3,1,8,Centro,277399.7439583785
5,121,3,3,0,5,Rural,205112.9580062663
6,238,5,1,1,44,Rural,353615.6876582216
7,70,5,3,0,34,Suburbio,182451.23841750654
8,152,5,1,1,38,Centro,231703.8394073089
9,171,3,3,1,21,Rural,258580.59947364187
10,264,3,3,0,40,Centro,409054.9298471452
11,380,2,3,1,4,Suburbio,519498.0655805165
12,137,4,1,0,41,Suburbio,217900.29702343495
13,149,1,1,1,22,Suburbio,183017.07164201743
14,201,5,2,1,16,Centro,350082.4853557855
15,180,2,3,1,11,Rural,276119.8666463719
16,199,1,2,0,22,Rural,231538.21003679172
17,358,2,2,1,15,Suburbio,518838.40875129425
18,307,3,1,1,2,Rural,466051.3145412174
19,393,5,1,1,29,Suburbio,559952.9041857197
20,343,1,2,1,21,Centro,476088.38065355824
21,241,1,3,0,8,Suburbio,368265.85375454323
22,326,1,1,1,28,Centro,437281.5186631618
23,210,1,3,0,46,Suburbio,283593.59479019925
24,363,1,3,1,36,Rural,486578.9939296662
25,71,2,2,1,22,Rural,157189.9472971848
26,302,5,2,0,12,Suburbio,444121.61213020724
27,285,3,2,0,31,Rural,385967.28261677106
28,394,3,2,0,45,Rural,524317.8275042503
29,98,3,1,1,46,Rural,160122.70259680942
30,108,3,1,1,47,Centro,173784.00654412995
31,219,2,2,1,22,Rural,321803.73329269944
32,237,4,1,0,44,Centro,355412.1510118614
33,320,5,2,0,16,Suburbio,448346.72492880706
34,239,1,3,1,39,Rural,347483.5700541052
35,224,4,3,0,20,Rural,364635.9282560694
36,100,3,3,1,1,Rural,230216.24018593619
37,104,4,2,1,36,Suburbio,190665.07239581022
38,293,5,3,1,5,Centro,440246.36768978124
39,369,1,1,1,43,Centro,477494.00944822846
40,180,1,3,1,17,Rural,276250.77568827925
41,356,5,3,0,29,Suburbio,537787.5326952627
42,184,5,3,0,21,Suburbio,301289.2634398092
43,70,3,1,0,32,Suburbio,138202.36752512722
44,378,1,2,1,29,Suburbio,515188.2422443882
45,216,4,1,0,16,Suburbio,319293.805579013
46,323,2,2,1,42,Centro,444938.59006529633
47,138,2,2,1,31,Centro,227739.3291504819
48,365,5,3,1,41,Centro,526070.609419407
49,63,3,2,1,13,Rural,164721.93204569214
50,291,2,1,0,9,Suburbio,417149.9668180203
51,314,1,1,1,46,Rural,399244.07869085274
52,395,5,2,1,35,Suburbio,542281.5012269669
53,102,4,3,0,33,Centro,182155.4693817198
54,389,5,3,0,8,Rural,532211.4110229674
55,141,4,1,1,41,Centro,264505.2225809213
56,313,5,3,1,27,Suburbio,502382.10592656187
57,84,5,2,1,10,Suburbio,200772.61456664364
58,255,5,2,1,13,Suburbio,386138.80156062124
59,130,4,1,1,38,Centro,210334.1008351502
60,99,4,2,1,46,Suburbio,183034.46068605705
61,51,5,1,1,18,Centro,159388.15198040116
62,103,2,2,1,14,Rural,188115.1868639676
63,155,3,1,1,27,Suburbio,274328.639507474
64,309,3,3,1,23,Suburbio,440444.90284603916
65,359,3,2,1,7,Suburbio,482136.2429129214
66,240,4,2,1,42,Rural,343860.4304971542
67,267,4,1,1,8,Suburbio,405939.50291106995
68,93,2,1,1,46,Centro,134026.4386610842
69,211,3,2,1,32,Centro,316359.8290897395
70,251,3,1,1,32,Suburbio,351119.3283936111
71,319,5,2,1,18,Suburbio,508604.7690741037
72,353,4,3,0,2,Rural,500860.6862581536
73,320,3,1,1,9,Rural,446953.1584610438
74,264,2,2,0,39,Rural,361645.6716231755
75,301,2,3,1,46,Suburbio,406900.36177935847
76,239,3,3,1,41,Rural,369764.24748914037
77,345,4,2,1,0,Rural,520629.7052404352
78,262,2,1,1,28,Centro,363235.3171792216
79,257,5,2,1,49,Rural,376212.0723458702
80,286,2,3,1,33,Centro,431295.4844904387
81,387,1,2,1,12,Centro,557813.6759316623
82,102,1,1,1,0,Rural,167576.5627653479
83,329,4,3,0,33,Centro,447372.9025325925
84,266,3,2,0,28,Suburbio,370782.05416650046
85,301,4,1,1,47,Suburbio,447497.20281171997
86,237,4,3,1,46,Rural,359096.24648568785
87,90,4,1,0,12,Suburbio,169422.0163176362
88,206,4,3,0,47,Centro,320513.08272824285
89,64,5,2,0,48,Suburbio,171860.9570441185
90,350,5,1,1,28,Rural,526508.4746617875
91,114,2,3,1,38,Rural,214137.35939064523
92,394,1,1,1,23,Centro,497774.62886647147
93,376,4,1,0,25,Rural,516738.37910347845
94,58,2,2,1,16,Suburbio,117160.73345749741
95,393,1,1,0,6,Rural,510510.5219977042
96,178,3,3,0,12,Centro,305624.39281571226
97,185,5,3,1,4,Rural,356067.27137545246
98,112,1,3,0,25,Suburbio,159551.7882641037
99,188,3,3,0,48,Centro,272525.457439168
100,130,1,2,0,2,Suburbio,226130.32421324018
101,212,5,1,0,6,Centro,329385.79110753007
102,338,5,2,0,48,Rural,497599.88334901136
103,310,2,1,1,38,Centro,419777.83196437045
104,280,4,1,1,0,Centro,419317.27103080315
105,90,1,1,1,48,Rural,102107.0194506115
106,77,1,2,1,16,Suburbio,143632.00761177012
107,184,3,1,0,42,Rural,256622.01733212246
108,250,5,2,1,24,Centro,439130.69342918665
109,377,1,3,1,2,Rural,499196.14609155
110,317,5,3,0,14,Centro,524295.3718309557
111,82,1,1,1,28,Rural,136976.21058993187
112,97,2,2,0,42,Rural,152956.58442444316
113,111,4,3,1,31,Suburbio,215838.5573113554
114,265,1,2,1,25,Centro,366794.1261510894
115,342,5,2,1,15,Suburbio,527361.0185646643
116,148,2,1,1,24,Centro,244346.54583641753
117,221,1,3,1,27,Rural,297133.55584816117
118,263,3,1,1,8,Centro,414735.61711576075
119,84,4,1,0,0,Suburbio,178028.3104754396
120,276,1,3,0,28,Suburbio,374364.57790614624
121,150,2,3,1,21,Suburbio,245081.1547699048
122,180,3,2,1,15,Centro,274937.147234419
123,306,2,3,1,40,Suburbio,428654.4925480657
124,54,2,2,1,43,Suburbio,117045.91099646437
125,267,3,2,1,40,Suburbio,357691.43463771016
126,304,2,2,1,6,Rural,447665.7081033025
127,332,3,3,1,13,Rural,506830.4926779316
128,256,1,1,1,28,Centro,323606.70752357744
129,64,3,2,1,18,Centro,132348.29299455817
130,395,3,1,1,18,Suburbio,533940.772462514
131,91,4,1,0,1,Rural,179177.901939726
132,228,3,3,1,40,Suburbio,343316.5798016933
133,112,3,1,0,44,Suburbio,166181.64334458433
134,280,1,1,0,14,Rural,358429.55395351833
135,290,4,3,0,2,Rural,409634.62122548744
136,101,5,2,1,10,Rural,206134.0874539347
137,145,1,1,1,45,Centro,142054.4451815371
138,271,1,3,0,29,Centro,374550.90456906945
139,280,5,1,1,39,Suburbio,421804.540412349
140,286,3,1,1,17,Centro,430657.02262930316
141,192,2,2,1,47,Rural,254145.24008377217
142,220,4,1,0,1,Rural,333988.14679066325
143,78,2,3,1,31,Centro,162396.530122332
144,85,5,1,1,7,Suburbio,192264.3501033997
145,62,1,2,0,21,Suburbio,67831.44403066415
146,209,1,2,0,5,Centro,318217.42672270315
147,376,4,3,1,11,Suburbio,583685.666825401
148,236,1,2,1,46,Suburbio,307561.3545654927
149,292,1,1,1,39,Suburbio,386104.5529033922
150,135,4,2,1,35,Rural,234804.18647286214
151,333,4,3,1,14,Rural,482691.927939505
152,115,5,2,1,27,Centro,276045.23009914026
153,219,1,2,0,48,Rural,240692.62237188398
154,94,1,2,1,44,Suburbio,140089.9260605777
155,111,5,3,1,17,Rural,251386.47654484469
156,183,3,2,1,1,Centro,337124.7315737457
157,333,3,2,1,12,Rural,496531.77308472036
158,77,3,1,1,44,Suburbio,111955.00450865363
159,157,5,3,0,14,Suburbio,286344.9951793164
160,93,1,2,1,19,Centro,157521.20396728718
161,389,5,3,0,28,Rural,553233.2332940112
162,335,5,2,1,41,Rural,508896.182150606
163,380,3,2,0,28,Rural,478817.8614448805
164,177,2,2,0,2,Suburbio,253227.2817492666
165,397,1,1,1,18,Centro,521976.3749642615
166,280,3,1,0,2,Rural,403591.51370321284
167,239,2,1,1,13,Suburbio,343288.38947018393
168,274,2,3,1,39,Suburbio,383532.15599399403
169,332,4,3,0,3,Suburbio,484501.17452747055
170,170,1,1,0,10,Rural,238808.14244754476
171,165,2,3,1,30,Rural,263678.0156825092
172,282,3,2,1,42,Rural,381563.0490911894
173,308,4,2,1,31,Rural,429430.04832110193
174,247,1,2,1,26,Rural,308607.2515712778
175,186,5,1,1,29,Rural,342811.6163697871
176,367,3,3,1,42,Rural,530549.2367122489
177,214,2,1,1,1,Rural,314170.2423363891
178,274,2,3,1,48,Rural,375724.15029671835
179,356,3,2,0,8,Suburbio,476721.3998406528
180,283,2,1,1,27,Rural,407964.7421516442
181,221,4,3,1,30,Centro,398288.6701634948
182,201,1,3,1,33,Suburbio,277592.1415214492
183,364,4,2,1,14,Rural,552568.3104131141
184,209,2,1,1,47,Centro,287860.2583071778
185,145,5,1,1,24,Rural,262751.4214017907
186,282,1,1,1,35,Centro,395984.28565659845
187,229,1,2,1,7,Centro,326096.68558514444
188,162,3,1,1,8,Centro,271327.2887850927
189,367,3,2,1,36,Centro,512365.47865822894
190,101,5,2,1,47,Suburbio,180188.01266681097
191,317,1,2,1,44,Suburbio,419168.2229743212
192,344,5,3,1,38,Centro,507546.1595111953
193,162,3,1,1,31,Rural,225476.93719708757
194,150,3,1,1,16,Centro,236657.25839102475
195,162,1,2,0,34,Suburbio,201892.2226072611
196,130,4,2,1,36,Rural,258597.65078260662
197,236,2,1,0,18,Suburbio,292924.20767795935
198,162,3,2,1,43,Suburbio,242103.05121901492
199,51,3,1,1,28,Rural,126907.76521096025
200,179,4,3,0,6,Centro,275284.124572915
201,269,4,2,0,27,Centro,376119.86483535334
202,103,5,1,1,8,Centro,191310.46529333555
203,392,5,2,1,27,Centro,590300.229200108
204,273,2,1,1,5,Rural,379072.73759119626
205,274,2,1,0,28,Rural,354481.64309995517
206,175,1,2,1,16,Rural,275320.2063958218
207,179,5,3,1,15,Suburbio,317854.62232692225
208,102,3,1,1,22,Rural,180160.2598270399
209,221,5,1,1,30,Centro,334073.44001388515
210,267,3,1,1,2,Suburbio,373229.92558008374
211,209,4,3,0,20,Centro,312388.3421198824
212,247,5,3,1,25,Centro,399050.1921833267
213,296,4,2,1,35,Rural,430004.0893165387
214,373,2,3,1,41,Rural,512872.6430179676
215,252,2,2,0,36,Centro,316575.661039162
216,233,1,2,1,21,Centro,330492.6535183495
217,172,5,3,0,41,Suburbio,300600.02583046455
218,304,4,2,1,11,Rural,449943.5563433547
219,343,3,3,1,41,Suburbio,470005.5085516324
220,329,2,2,1,12,Suburbio,460501.5806395998
221,374,2,3,0,10,Suburbio,499741.6507397911
222,147,3,3,0,15,Centro,248307.0365854709
223,247,4,2,1,7,Suburbio,424297.32872519933
224,289,4,1,0,39,Suburbio,398672.7409685543
225,193,5,2,0,39,Centro,294315.3887743974
226,146,5,3,1,44,Rural,260382.20776115882
227,250,1,1,1,1,Rural,327455.96737356833
228,173,2,2,0,29,Suburbio,213844.67385777758
229,236,5,2,1,29,Centro,402354.8721669116
230,375,4,2,0,11,Rural,479834.4236128847
231,398,3,1,1,9,Suburbio,557862.0963543861
232,308,4,3,1,43,Suburbio,440738.7218664954
233,197,2,2,1,10,Centro,291151.89570751763
234,301,4,2,1,14,Suburbio,436240.2471691122
235,395,1,2,1,15,Rural,550417.2931928406
236,196,2,2,1,16,Centro,297526.31203371554
237,197,3,2,0,25,Rural,304707.570500857
238,248,1,3,1,1,Rural,388110.5371719201
239,357,2,3,1,49,Rural,487168.10948044807
240,177,3,2,1,11,Suburbio,267987.52458289574
241,88,1,1,1,25,Suburbio,133687.14499768455
242,387,1,3,1,22,Rural,503555.03972867597
243,178,2,1,0,17,Rural,235029.91676225403
244,316,5,3,1,31,Centro,486807.52414701425
245,200,1,2,1,48,Centro,268316.88715815474
246,347,1,3,1,37,Suburbio,471142.1832204057
247,148,3,2,1,46,Suburbio,250746.08587560974
248,312,4,3,1,2,Centro,480717.09647467086
249,301,2,2,1,37,Rural,420769.3783621584
250,193,2,2,0,2,Suburbio,269612.8029012912
251,395,5,2,0,29,Rural,580795.5965119301
252,161,5,2,0,0,Centro,276889.77423564706
253,109,2,1,1,29,Suburbio,200243.72969244857
254,51,5,2,0,44,Suburbio,104678.65816456557
255,353,3,1,1,31,Centro,475491.8548517831
256,303,2,1,1,27,Suburbio,403480.43652772787
257,189,5,2,1,20,Centro,337379.83589496947
258,86,2,1,1,45,Suburbio,157936.33606437646
259,209,4,3,0,12,Centro,309812.09593880945
260,58,1,2,1,26,Suburbio,89440.33915914185
261,282,2,1,1,35,Rural,352861.8386456752
262,148,1,2,1,6,Rural,256003.68394396835
263,196,5,2,1,21,Rural,345652.09885594243
264,353,1,2,1,9,Suburbio,452412.57583085756
265,257,2,1,1,38,Suburbio,340538.1025208786
266,180,4,3,1,14,Rural,342635.2279132299
267,201,5,3,1,14,Rural,353637.6153937752
268,103,2,1,1,3,Centro,175356.23724417653
269,169,5,2,0,31,Centro,266674.0658635388
270,210,3,1,1,22,Centro,295500.15372362477
271,165,1,1,0,5,Rural,244166.47620886314
272,124,3,1,1,23,Rural,245778.0317748412
273,162,2,2,1,19,Rural,235196.11194425303
274,153,4,1,0,36,Centro,263698.8465843624
275,389,5,2,1,19,Suburbio,562552.2116741979
276,303,1,1,1,11,Rural,413772.9599073777
277,276,5,3,1,32,Suburbio,468404.2760962882
278,161,2,1,1,27,Suburbio,236798.46808592736
279,148,5,1,1,7,Suburbio,272541.1615946528
280,202,1,3,0,0,Centro,303421.6192757637
281,398,2,2,1,36,Suburbio,507400.943259275
282,387,5,2,0,21,Rural,571841.2275568086
283,243,4,1,1,5,Centro,381956.18784885167
284,359,2,3,0,20,Rural,469244.98983691644
285,212,2,2,1,31,Rural,296816.6479336829
286,257,4,1,1,34,Centro,353730.74976343266
287,218,3,3,0,14,Rural,318876.5566675202
288,210,1,2,1,4,Rural,299719.24476011196
289,117,3,2,1,45,Centro,181674.12936577038
290,338,5,3,1,49,Rural,505190.7004774199
291,326,4,3,1,47,Suburbio,487158.34169050993
292,353,3,3,1,5,Rural,511830.55728001165
293,184,2,3,1,24,Suburbio,302054.51653038536
294,244,5,1,0,45,Rural,339157.20034041326
295,177,5,3,0,39,Centro,317967.6552843988
296,82,3,2,1,28,Centro,171836.29411549715
297,225,3,2,1,6,Rural,382905.14339509484
298,71,4,1,1,39,Centro,203984.34624477464
299,287,1,2,1,12,Rural,383995.1281539344
300,207,3,2,1,37,Centro,306318.7224619708
301,87,3,3,1,17,Suburbio,185975.15756102564
302,279,2,2,1,1,Rural,416214.0450035103
303,100,5,1,1,7,Suburbio,248019.3994095018
304,313,1,3,1,10,Suburbio,422543.83031660394
305,332,2,3,1,32,Rural,470024.8853295615
306,76,4,1,1,37,Suburbio,159981.45420288466
307,275,4,3,1,47,Rural,428862.18205081177
308,326,3,3,0,26,Suburbio,483389.1538681538
309,335,3,1,0,19,Rural,442693.4352513397
310,146,4,3,1,11,Rural,246302.6466665254
311,333,3,1,1,42,Centro,468478.03353760584
312,366,1,1,1,30,Rural,452545.89562789095
313,353,3,2,1,26,Rural,492737.68526072445
314,196,5,2,0,31,Suburbio,330440.61673743225
315,53,3,3,1,9,Rural,160047.89707062216
316,84,2,3,1,2,Centro,177765.5994889391
317,241,1,1,1,44,Suburbio,300682.3657508336
318,98,2,3,1,26,Suburbio,126602.12439450002
319,66,2,1,1,34,Centro,136166.41631512405
320,221,5,1,0,30,Suburbio,330140.9660154847
321,269,1,3,1,14,Suburbio,411066.72556711454
322,207,1,1,1,15,Suburbio,293860.5605992374
323,95,1,2,1,12,Suburbio,152177.49254930313
324,55,1,3,1,48,Centro,128337.4017675208
325,148,1,2,0,34,Centro,218622.58811916382
326,282,5,3,0,10,Suburbio,434019.36371295044
327,86,3,1,1,20,Suburbio,192072.89731146456
328,329,2,3,1,10,Centro,458693.8388922791
329,398,1,2,0,29,Centro,501292.95538815804
330,351,3,1,0,47,Centro,464128.1677543756
331,230,3,3,1,34,Suburbio,369695.6316802838
332,144,2,3,0,21,Suburbio,234730.4369723178
333,148,5,3,1,37,Rural,277446.8563887366
334,237,4,2,1,30,Centro,391273.95281382883
335,165,4,2,1,13,Suburbio,289011.45353787165
336,240,3,3,0,23,Centro,340119.45275449613
337,302,2,1,0,49,Suburbio,366813.2406537334
338,210,4,1,1,48,Centro,356799.7678295267
339,305,3,2,1,31,Suburbio,420660.3314381611
340,372,5,1,1,35,Rural,559732.7045352089
341,177,4,2,0,31,Rural,254190.6660837966
342,67,3,3,1,14,Centro,178158.10890148373
343,330,3,2,1,42,Suburbio,465941.6690298167
344,272,1,2,1,34,Suburbio,396824.53759452456
345,103,5,3,1,2,Centro,234511.9620966297
346,107,1,1,1,15,Suburbio,147286.71564079227
347,372,2,2,1,4,Centro,512069.79243306036
348,223,1,2,0,20,Suburbio,325896.0365848091
349,329,1,3,1,9,Centro,437616.83040112467
350,163,4,1,0,18,Suburbio,204831.667355916
351,337,3,2,1,24,Centro,478595.3567474657
352,391,5,3,1,3,Suburbio,611690.4583592202
353,200,1,2,0,28,Rural,240723.88134720275
354,176,5,3,1,18,Suburbio,344158.6434670653
355,204,1,1,0,42,Centro,228081.78029975088
356,322,2,1,1,1,Rural,442968.8292861664
357,153,1,1,1,9,Suburbio,239153.64630572114
358,348,4,1,0,42,Rural,442850.6919652312
359,295,3,2,1,24,Suburbio,430630.2666301511
360,225,2,2,1,19,Rural,354799.47022584477
361,88,1,1,0,47,Centro,116578.68198422702
362,219,5,1,0,18,Suburbio,324387.47884818463
363,296,2,1,1,22,Suburbio,434574.3670543359
364,75,2,2,1,23,Centro,161667.8502384498
365,355,1,1,1,10,Rural,428791.04000151384
366,62,2,1,0,45,Centro,109184.87229468452
367,365,5,1,0,33,Centro,495072.5149516545
368,362,2,3,1,27,Rural,504831.2709528493
369,85,5,1,0,4,Centro,205160.0800858652
370,222,1,3,0,4,Suburbio,298407.9083067033
371,69,3,3,0,20,Suburbio,114888.14771916371
372,370,2,1,1,11,Suburbio,528610.9038381166
373,313,3,3,1,49,Centro,469391.66942403896
374,191,5,1,1,3,Suburbio,330954.87973634107
375,192,2,2,1,48,Suburbio,293468.4290298423
376,141,4,2,1,41,Suburbio,241312.26535872632
377,371,3,2,1,19,Suburbio,522639.403535217
378,337,2,2,0,37,Suburbio,433014.2411472652
379,264,3,3,1,24,Suburbio,393221.11829285393
380,391,2,1,1,13,Centro,529886.0516017152
381,100,1,1,1,10,Suburbio,135836.42352708825
382,202,3,1,1,31,Suburbio,296868.3833846884
383,235,4,2,1,10,Rural,383289.58944966807
384,112,4,2,0,17,Centro,242662.01415923273
385,239,5,1,1,26,Centro,355449.3156937461
386,174,2,2,1,17,Centro,280711.06115464855
387,199,3,1,1,22,Centro,315402.9755285572
388,363,5,1,1,10,Suburbio,498065.62538634526
389,107,3,1,1,20,Suburbio,201610.64028818504
390,391,2,1,0,43,Rural,505305.7015796756
391,354,4,1,1,4,Rural,524573.0535876487
392,229,1,1,0,22,Centro,287121.4549025465
393,219,4,1,1,40,Rural,339464.80073044857
394,375,5,2,1,24,Rural,556396.8939449806
395,320,1,1,1,40,Centro,375210.8532336961
396,103,5,1,1,9,Centro,227966.40649508932
397,150,2,2,1,21,Rural,232158.59188036656
398,313,1,2,0,18,Suburbio,387503.5565800404
399,102,5,2,1,0,Rural,287099.39907173306
400,109,2,1,0,6,Rural,192852.31439239116
401,157,4,3,1,3,Suburbio,273896.55879371223
402,54,2,3,0,0,Suburbio,131732.72393131678
403,152,3,2,0,14,Centro,269560.5055112865
404,245,2,3,1,39,Centro,324576.01691848
405,311,2,2,0,11,Rural,419239.6628281431
406,399,3,1,1,21,Suburbio,545781.4545143899
407,96,5,3,1,21,Centro,204210.14235001954
408,360,5,1,0,49,Rural,500091.0060922446
409,357,2,3,1,46,Suburbio,507724.9278103625
410,193,3,1,0,16,Rural,308760.9518283831
411,318,3,3,0,28,Centro,437612.71796748106
412,173,4,1,1,45,Centro,325132.90070270223
413,155,5,1,0,13,Suburbio,223340.6649320649
414,207,1,3,1,49,Rural,296024.33419628924
415,196,5,1,0,19,Suburbio,282454.1136014029
416,194,5,1,0,49,Centro,295103.652749938
417,169,4,1,1,47,Centro,258861.86499789942
418,368,1,3,1,32,Rural,500737.5491278112
419,324,4,3,0,42,Rural,455262.3857179561
420,141,1,1,1,14,Rural,190680.31643946967
421,107,2,1,0,11,Suburbio,147694.1810487204
422,395,1,3,1,39,Rural,558149.189948991
423,278,4,3,1,19,Rural,442970.4747692483
424,166,5,1,1,29,Centro,255657.42586923225
425,367,1,1,1,37,Centro,477915.7547023353
426,328,1,1,1,2,Rural,433706.46675284003
427,176,3,2,1,27,Rural,282792.0217419428
428,178,5,3,1,25,Centro,342497.7630796359
429,107,2,2,1,29,Rural,207564.54347425693
430,171,4,3,0,12,Suburbio,272023.74544158624
431,50,2,3,1,12,Suburbio,133405.1669168923
432,288,5,3,1,1,Suburbio,459177.7799452286
433,339,1,3,1,36,Rural,465737.24362148525
434,145,1,3,1,48,Centro,210353.9101252766
435,175,5,3,1,37,Rural,317085.0295940375
436,167,1,3,0,1,Rural,239494.46477979672
437,97,1,2,0,35,Centro,131777.60968861336
438,138,1,1,1,25,Centro,232193.0201185627
439,286,4,1,1,10,Centro,476015.3232953545
440,321,4,2,1,7,Suburbio,489241.8418748495
441,238,3,2,1,43,Rural,347100.6044036619
442,241,2,2,1,39,Centro,307787.26478220633
443,118,5,2,1,42,Rural,220391.63600377252
444,327,5,3,0,21,Suburbio,484365.2792842819
445,398,5,1,0,19,Suburbio,538798.7355872515
446,296,3,3,1,7,Centro,434501.98474256153
447,125,4,1,1,28,Centro,257507.7894811233
448,203,3,1,0,39,Rural,279675.81627476966
449,193,5,2,1,25,Centro,336464.2398280387
450,135,2,3,1,29,Rural,214016.18879323546
451,234,1,2,1,16,Centro,351350.8944953917
452,334,4,3,1,19,Rural,497048.42744022864
453,269,4,1,1,15,Rural,394882.72669698286
454,118,3,2,0,45,Rural,152484.98365381116
455,96,4,2,1,42,Rural,192977.96172497267
456,143,5,1,1,6,Suburbio,262558.83996445197
457,287,5,1,0,15,Rural,455591.594920338
458,253,3,1,1,44,Centro,393477.973840039
459,267,5,2,1,46,Suburbio,387694.3901046745
460,390,2,3,1,47,Suburbio,502056.9352423801
461,88,3,2,1,26,Rural,172073.60729747106
462,149,2,3,0,22,Suburbio,211479.24209211455
463,338,1,2,1,23,Rural,453448.33151373424
464,303,2,2,1,8,Centro,423067.53021828865
465,271,1,1,1,34,Rural,358810.6468111052
466,72,1,3,0,19,Suburbio,142221.87043293932
467,299,2,2,1,36,Centro,389515.5697932899
468,59,3,2,1,41,Rural,155204.22444954797
469,295,5,1,0,16,Centro,416426.95171359647
470,374,5,1,0,46,Centro,553769.6569829755
471,149,1,3,1,30,Suburbio,261219.51932498778
472,339,1,2,1,7,Centro,456038.3932822753
473,229,3,3,1,14,Suburbio,343528.33110939915
474,272,4,2,1,30,Centro,388302.6804065083
475,299,2,3,1,29,Rural,441772.5700414906
476,196,1,1,1,45,Centro,257091.94466939004
477,145,5,2,0,19,Rural,278037.33771503915
478,306,3,3,1,38,Rural,487284.5793859128
479,374,2,1,0,11,Centro,467892.3412256775
480,53,3,1,1,48,Rural,89997.23512483825
481,65,2,3,0,16,Centro,133851.20469065252
482,329,2,2,0,41,Centro,447195.19222904596
483,385,1,2,1,29,Rural,483690.79420428484
484,296,3,1,0,28,Rural,396892.4947751849
485,307,3,2,1,18,Suburbio,471800.8732234198
486,209,5,2,0,45,Rural,290642.4432301925
487,389,5,2,1,10,Suburbio,581506.359228782
488,201,1,1,1,33,Rural,258897.9381280243
489,227,1,3,0,49,Centro,295383.1318194261
490,212,4,2,0,6,Rural,345595.68581167376
491,82,5,1,1,43,Centro,186316.17015776184
492,228,2,1,1,33,Centro,296895.5519577629
493,150,3,3,1,19,Centro,255475.07723533042
494,317,1,2,1,49,Suburbio,439431.8596064893
495,372,3,2,1,37,Rural,519478.65787848196
496,114,3,3,0,23,Centro,217106.38255169697
497,217,4,3,1,9,Centro,370905.9062036608
498,379,5,1,1,31,Suburbio,560482.3213648384
499,92,1,1,1,14,Rural,140477.07820125358
500,93,3,3,1,36,Rural,173249.7670646513
501,334,1,2,1,19,Suburbio,461573.95431696094
502,61,2,1,1,2,Suburbio,154747.48020891112
503,144,4,1,1,36,Rural,226514.37378406717
504,351,2,2,1,39,Suburbio,460181.10377152544
505,302,1,1,1,7,Rural,400635.47143538186
506,291,1,2,0,39,Rural,397096.492099653
507,84,5,2,0,43,Centro,185562.7091033652
508,264,3,2,1,22,Centro,364318.26340268226
509,386,3,3,1,39,Rural,536840.3441682099
510,139,2,3,0,10,Rural,216882.4248849913
511,313,4,3,0,45,Rural,419634.6088799214
512,142,3,2,0,7,Rural,229804.16166210544
513,139,5,2,0,28,Rural,241999.25120787256
514,164,2,3,1,29,Rural,255067.34952765683
515,154,2,1,1,9,Suburbio,232152.3726523638
516,245,5,2,1,38,Rural,419427.87096697604
517,363,4,1,1,27,Suburbio,504825.9376779897
518,163,5,1,0,48,Suburbio,257593.4211260053
519,124,4,2,0,35,Rural,210124.70575446542
520,266,5,2,1,12,Rural,418099.66299265326
521,326,5,1,1,31,Suburbio,482290.094647354
522,298,1,1,1,35,Suburbio,386407.0119219553
523,213,2,3,0,36,Rural,299195.1305379843
524,241,5,3,1,25,Rural,384515.3371580716
525,276,5,2,1,21,Suburbio,431577.50985494716
526,226,3,3,1,3,Suburbio,379906.43750699714
527,148,2,3,1,30,Suburbio,239003.66737239918
528,85,3,3,1,17,Centro,191735.63825202515
529,145,2,3,1,37,Suburbio,238840.7400145271
530,201,3,1,0,23,Centro,293047.9026146783
531,200,5,2,0,22,Rural,335173.0183002762
532,239,5,3,0,21,Rural,377816.9878050156
533,273,1,1,1,1,Suburbio,353873.2939381581
534,86,3,1,1,30,Rural,138825.6934265025
535,317,4,1,1,10,Rural,485753.7282547272
536,232,1,3,0,27,Rural,325305.0089594213
537,62,3,3,1,45,Rural,159887.29368675052
538,328,3,2,1,31,Centro,479324.0705572535
539,266,1,3,1,4,Centro,378968.88032748224
540,335,5,3,1,37,Suburbio,496002.471644689
541,322,3,1,1,9,Suburbio,437291.85180403927
542,111,5,2,1,39,Suburbio,206913.00006829
543,133,1,3,0,45,Rural,206343.1737710066
544,266,5,3,1,23,Rural,422837.10288491705
545,391,2,1,0,34,Centro,513297.18138421775
546,236,4,1,0,43,Centro,327962.283392387
547,68,3,3,0,47,Suburbio,119575.17583515152
548,226,4,2,1,22,Centro,338312.70404899714
549,149,5,2,1,16,Centro,274036.912860245
550,282,3,1,1,0,Centro,441764.7756581258
551,125,5,1,0,30,Centro,198315.79840440376
552,314,2,3,1,30,Centro,484134.936429593
553,333,1,1,1,41,Suburbio,407287.8514506071
554,255,3,3,1,41,Suburbio,395498.9994130249
555,272,2,2,1,33,Centro,376994.9741149002
556,101,2,2,0,8,Suburbio,160788.80834947628
557,388,3,3,1,21,Rural,524671.5844574972
558,193,5,1,1,12,Centro,328632.1403449752
559,118,2,2,0,24,Rural,156434.28007267992
560,148,4,1,1,47,Suburbio,210468.45800465118
561,74,2,2,1,17,Suburbio,152691.97356434897
562,102,5,3,1,11,Rural,229191.5378632849
563,200,5,3,0,39,Suburbio,359186.97032249963
564,193,4,3,0,16,Centro,333600.43430185644
565,106,2,2,0,14,Rural,204148.6436267354
566,88,5,1,1,41,Centro,176482.34190984204
567,158,3,1,1,14,Rural,260322.75480262574
568,230,1,1,0,14,Suburbio,241586.58080637894
569,91,1,2,1,38,Rural,139563.95238626553
570,235,1,2,1,12,Rural,332969.9669604936
571,272,2,2,0,16,Centro,371480.9615540354
572,171,4,2,1,31,Suburbio,288852.63178916654
573,182,5,2,1,8,Centro,330731.8514350334
574,212,3,1,0,39,Suburbio,235635.14731673177
575,264,3,2,0,19,Centro,377424.4367216396
576,270,2,2,1,25,Rural,391168.79783860076
577,284,1,1,1,26,Centro,399560.50805257703
578,380,2,2,1,20,Suburbio,523374.7611855386
579,195,4,1,1,17,Suburbio,312885.25866573525
580,288,4,1,0,12,Rural,431698.83844461944
581,125,5,3,0,15,Suburbio,200353.31550801042
582,58,5,3,1,8,Centro,180301.02938745712
583,123,4,3,0,11,Rural,216783.80039882578
584,302,4,3,0,43,Suburbio,430209.5640033738
585,279,4,2,1,37,Suburbio,372326.14375541674
586,56,2,3,1,18,Centro,164592.71324487438
587,223,4,1,1,6,Centro,349603.8020063151
588,190,3,2,1,34,Rural,302375.9338231787
589,217,1,3,0,47,Suburbio,286361.8245011979
590,219,4,1,1,17,Centro,369549.797897539
591,332,1,2,0,15,Rural,388660.99730251904
592,171,2,2,1,38,Suburbio,258446.42330939625
593,243,1,3,1,3,Suburbio,378023.5652140972
594,54,2,2,1,24,Rural,120840.27106558617
595,78,3,1,1,31,Rural,134074.61213723395
596,214,2,2,1,39,Centro,295222.19768688426
597,388,2,1,0,12,Suburbio,491741.15996387193
598,185,5,2,1,44,Suburbio,300578.9994095402
599,370,4,3,1,16,Suburbio,542943.7776586529
600,391,4,1,0,48,Rural,545364.9480637
601,194,3,2,1,36,Centro,287852.7046892503
602,376,3,2,1,5,Suburbio,523946.52051442
603,266,4,2,0,18,Rural,399395.61168100627
604,350,5,1,1,12,Suburbio,515503.5927207225
605,181,4,1,1,25,Centro,268116.2973331023
606,341,5,1,1,13,Suburbio,506476.2312444196
607,119,3,3,1,30,Centro,220822.1713520615
608,301,1,3,1,3,Centro,444213.5669087631
609,324,3,1,1,38,Suburbio,425356.9520359468
610,231,3,2,1,7,Suburbio,378346.38965510885
611,216,2,3,0,24,Centro,305243.38375800115
612,140,2,1,1,12,Rural,199841.1665817001
613,251,2,2,1,31,Centro,329524.43375846144
614,395,2,3,0,37,Suburbio,554187.7705581706
615,68,5,2,1,37,Suburbio,174901.6795432912
616,88,4,2,1,27,Rural,210830.08233460976
617,175,1,2,0,29,Centro,196337.6121078374
618,222,3,2,1,2,Centro,403153.897759278
619,190,5,3,1,27,Centro,357364.89256734255
620,291,1,3,1,2,Suburbio,408091.1957168958
621,269,5,3,0,44,Centro,399676.6828428898
622,175,5,1,0,33,Rural,293191.9625660599
623,107,3,3,1,15,Suburbio,229443.63373450094
624,197,4,2,1,21,Suburbio,329550.5856079488
625,366,2,3,0,31,Centro,483917.5751640446
626,50,4,2,1,37,Rural,152721.34168051832
627,397,3,1,0,7,Suburbio,493065.92893839645
628,239,3,2,1,7,Suburbio,360874.50574771495
629,240,3,2,1,5,Centro,337562.7228341431
630,361,1,2,1,13,Centro,493791.8468940501
631,166,4,1,0,31,Rural,240183.7205793336
632,183,4,3,1,34,Centro,281168.4384264164
633,107,5,3,0,9,Rural,213024.2695196206
634,93,5,1,1,2,Suburbio,218587.12402931572
635,222,5,2,1,11,Rural,371795.43234888377
636,209,3,3,0,48,Rural,278336.86881934456
637,222,4,1,0,30,Rural,287302.62796538766
638,366,3,3,1,28,Suburbio,521678.65574061003
639,352,1,1,1,4,Centro,453784.6378649908
640,198,5,2,1,24,Suburbio,335438.385802719
641,129,3,3,0,40,Centro,206606.296250234
642,262,3,1,1,30,Rural,383001.3137435064
643,252,1,3,1,20,Rural,374338.9300353983
644,301,2,3,1,19,Rural,434630.18401916884
645,278,4,3,1,38,Rural,418190.74900480715
646,213,2,3,1,21,Rural,325595.27076191606
647,276,5,1,1,3,Centro,427915.26065480756
648,196,3,2,1,12,Centro,281348.9329273376
649,69,1,1,1,44,Rural,127638.9234257915
650,96,1,1,1,41,Suburbio,157768.77724975607
651,282,4,1,0,49,Suburbio,423666.67987161194
652,354,2,2,1,48,Rural,516409.9861295522
653,63,4,3,1,19,Centro,152579.5973549448
654,192,3,3,1,12,Suburbio,312692.0015924234
655,50,4,3,0,16,Suburbio,192230.79193740286
656,103,1,2,0,35,Suburbio,140288.9876883553
657,308,1,3,1,32,Rural,423484.218050935
658,193,5,2,0,0,Suburbio,296177.4009661084
659,61,5,3,1,14,Suburbio,194205.77263153548
660,379,3,3,0,12,Suburbio,562438.8074951818
661,273,2,1,0,16,Suburbio,385332.5162020706
662,321,4,2,0,23,Centro,441500.3075696291
663,205,3,1,0,7,Rural,289573.67266863165
664,57,5,1,1,49,Rural,126281.99415011474
665,171,4,1,0,26,Centro,245176.73719500587
666,397,5,2,1,44,Centro,531195.7614242706
667,213,4,2,1,22,Rural,342903.60650680517
668,139,2,3,1,45,Suburbio,254502.2135986082
669,185,3,1,1,7,Suburbio,300608.638481875
670,235,4,3,1,7,Rural,415824.7797993146
671,365,1,1,1,25,Suburbio,491964.98801851994
672,227,1,2,0,46,Centro,273463.83820854744
673,77,4,2,1,12,Suburbio,171209.86677187102
674,269,4,2,1,38,Suburbio,389376.3088629709
675,90,4,1,1,36,Suburbio,145658.76103115903
676,277,1,2,1,48,Rural,364046.6046559115
677,241,1,1,1,27,Centro,262610.71206845826
678,194,4,3,1,24,Suburbio,342628.3101857277
679,250,5,1,1,15,Rural,398937.6187143775
680,261,5,3,1,1,Suburbio,447128.7973298968
681,269,2,1,0,17,Centro,375440.3256589627
682,289,3,3,1,16,Suburbio,437775.8917667771
683,95,5,2,0,29,Centro,227131.43475309512
684,84,1,3,1,38,Suburbio,159238.9162190442
685,302,5,2,1,12,Centro,456257.463063679
686,131,2,2,0,31,Suburbio,186945.77915708243
687,305,2,3,0,49,Centro,356274.17946499726
688,246,3,1,0,28,Suburbio,318156.1911905567
689,352,5,1,1,45,Suburbio,497280.0718813322
690,59,1,1,1,29,Rural,112225.47219115331
691,361,1,1,1,17,Rural,454692.7794291638
692,335,4,1,1,12,Centro,461074.7197213114
693,291,1,2,1,42,Suburbio,345449.36193983746
694,300,3,1,1,20,Centro,413071.64962813363
695,54,3,2,1,29,Rural,174317.0360473586
696,168,1,2,1,20,Centro,252022.14069794066
697,338,1,2,1,47,Centro,455891.58824710356
698,114,4,3,0,16,Rural,200798.91534671502
699,195,1,3,1,39,Suburbio,248031.00479795563
700,273,4,2,1,18,Centro,394178.45071823866
701,288,4,3,0,14,Rural,426657.37781684723
702,226,1,1,1,8,Suburbio,272317.42313041486
703,316,2,1,0,9,Rural,394568.1916718046
704,390,2,2,0,43,Centro,484772.7862805741
705,331,4,1,1,30,Suburbio,445781.49387873395
706,112,1,2,0,22,Suburbio,115926.33965350341
707,266,2,2,1,29,Rural,380493.07396419515
708,391,1,1,1,32,Rural,499117.4288976913
709,364,1,3,0,8,Rural,493380.5973526026
710,332,1,1,1,46,Suburbio,398191.48501495115
711,226,5,1,0,0,Suburbio,371398.4548609494
712,147,1,2,1,43,Centro,240486.08388973773
713,154,5,2,1,34,Suburbio,288044.2946447371
714,148,4,2,0,10,Centro,240401.2741110668
715,360,2,2,0,33,Rural,468401.61299018486
716,55,2,3,1,15,Rural,125344.25221408845
717,246,2,3,1,8,Suburbio,354714.328846425
718,182,2,3,0,31,Rural,276565.2077900665
719,308,2,2,1,14,Rural,429818.993604256
720,72,2,2,1,11,Suburbio,175001.91306900058
721,102,2,2,1,32,Centro,167551.5402151286
722,214,4,3,1,44,Suburbio,337976.5083865998
723,251,1,2,1,13,Centro,338369.78009537054
724,132,3,1,1,7,Suburbio,207496.3312262559
725,194,5,1,1,7,Suburbio,350588.4979723318
726,134,3,2,1,26,Rural,276514.2332922831
727,127,3,1,0,11,Suburbio,194255.45522867696
728,50,1,1,1,0,Suburbio,91390.08112649988
729,100,1,3,1,42,Centro,149093.53032585818
730,222,1,2,1,39,Rural,288305.3354479924
731,254,2,2,1,41,Centro,387295.67372481606
732,309,4,3,1,10,Centro,461430.3896048022
733,337,2,1,1,38,Rural,433694.6639822092
734,83,4,1,1,42,Rural,143792.91495698056
735,397,4,2,1,30,Rural,567272.9754772614
736,144,3,1,0,16,Suburbio,218455.40875698027
737,121,3,3,1,32,Rural,201456.4244839488
738,88,4,3,1,31,Rural,182243.4080536384
739,203,4,2,0,28,Rural,340258.6674107112
740,299,2,3,1,20,Centro,429454.1551253754
741,211,2,3,1,20,Centro,325233.707908946
742,167,3,2,1,39,Suburbio,268013.0765005212
743,308,1,3,0,22,Centro,431492.5077642235
744,355,4,3,0,5,Suburbio,492595.7127535858
745,317,2,3,1,21,Centro,441972.08959647093
746,103,3,1,0,49,Rural,150720.69586674977
747,285,2,2,1,37,Centro,359076.4834942055
748,271,4,2,1,36,Suburbio,388877.1696683731
749,300,4,2,0,44,Centro,438933.49654561875
750,362,5,1,1,7,Rural,551104.2699266024
751,161,1,1,1,40,Suburbio,236941.3375020406
752,304,5,2,1,48,Rural,444018.195549372
753,352,3,1,1,34,Rural,471086.09519762325
754,256,2,2,1,10,Suburbio,336438.69009923935
755,278,3,1,1,23,Rural,415738.6908463262
756,390,4,3,1,48,Rural,575933.0453753219
757,115,5,3,1,20,Centro,274678.4193307122
758,124,5,2,1,1,Rural,295381.8250695448
759,152,5,1,1,39,Rural,276342.1718697981
760,241,3,1,1,18,Rural,386337.63673093385
761,301,4,3,1,38,Rural,448190.5078168424
762,275,2,3,0,27,Suburbio,341159.792699889
763,343,2,1,1,16,Centro,480814.49354480236
764,355,3,1,0,5,Rural,442422.21747982607
765,147,5,1,1,18,Rural,275804.0409898673
766,387,1,1,1,37,Suburbio,510006.4760424851
767,335,3,1,1,27,Rural,469985.1759207039
768,384,3,1,1,1,Suburbio,580864.8614116455
769,396,4,2,1,37,Centro,517381.4201170604
770,357,2,1,1,36,Centro,468742.7865492817
771,298,3,3,1,3,Rural,451449.10930505313
772,215,3,2,1,21,Rural,305617.94367635174
773,384,5,1,1,25,Rural,530225.3441855143
774,79,5,3,1,48,Suburbio,178897.427783468
775,296,1,2,0,42,Rural,347207.05411901476
776,155,4,3,1,35,Rural,276340.10699672264
777,100,1,1,1,12,Centro,146940.7019969568
778,130,5,1,1,31,Rural,251858.1676819135
779,182,2,1,0,16,Centro,263388.60932406125
780,334,5,1,1,40,Rural,497435.57919437776
781,187,4,2,0,35,Centro,278697.4750963049
782,233,5,2,1,45,Rural,377789.51258928946
783,379,4,3,1,18,Centro,576502.5783235347
784,322,4,1,1,34,Suburbio,468311.2916255498
785,389,4,3,0,45,Centro,571479.5538888684
786,118,4,2,1,39,Centro,241743.57973533377
787,83,4,1,1,27,Centro,210468.14145296923
788,311,2,1,1,0,Rural,383353.1374413987
789,102,1,2,1,41,Rural,158833.52242280464
790,254,3,2,0,17,Rural,354821.34998095565
791,175,1,2,1,47,Suburbio,239000.4053937157
792,284,4,2,1,39,Suburbio,405200.8115979172
793,92,2,2,1,32,Centro,172323.9880076836
794,289,5,1,0,11,Suburbio,390132.87135165173
795,160,2,2,1,7,Centro,266568.7372574258
796,298,4,1,1,23,Centro,420665.7755963892
797,200,2,1,1,15,Centro,282492.2781975913
798,232,2,2,0,49,Suburbio,312670.03539131477
799,385,4,2,1,3,Rural,562075.5545573267
800,144,2,1,0,37,Suburbio,215378.41822812907
801,57,3,2,1,43,Centro,112509.92988308021
802,233,3,2,0,26,Centro,329985.88695565745
803,330,2,2,1,8,Suburbio,479775.462340223
804,244,5,3,1,46,Centro,402023.994875028
805,244,4,1,1,15,Centro,383811.88506925595
806,204,3,3,0,11,Suburbio,336460.8571676647
807,142,5,2,1,30,Suburbio,262275.15102260944
808,209,2,3,1,23,Suburbio,306963.3824575546
809,110,5,2,1,13,Centro,252018.0887386467
810,171,1,3,1,44,Centro,245211.3702797782
811,100,3,2,0,24,Rural,195444.07135395432
812,326,2,3,1,33,Rural,462095.4687423011
813,54,4,3,0,2,Suburbio,141332.98639419477
814,141,2,3,1,23,Rural,244467.68053622285
815,219,4,1,0,41,Centro,294246.00671554933
816,366,2,3,1,8,Rural,534138.5693671411
817,71,5,1,1,25,Centro,149756.95386903698
818,375,5,2,1,19,Suburbio,579941.3054839238
819,50,5,3,1,39,Suburbio,171917.53022369154
820,182,1,2,1,9,Centro,265608.7806075465
821,282,4,2,1,18,Rural,444666.6830186775
822,61,5,3,0,2,Suburbio,187426.5328832471
823,395,1,1,1,23,Suburbio,534107.6337131612
824,95,4,3,0,4,Rural,228421.23476706934
825,83,2,2,1,2,Rural,175645.80888332572
826,127,1,2,1,26,Centro,176964.58623916845
827,267,3,3,1,15,Rural,397069.8199910752
828,350,1,1,0,48,Rural,419567.06228376704
829,122,1,1,1,14,Rural,206034.4338879019
830,331,4,2,1,34,Centro,471072.2707732505
831,298,2,2,1,11,Centro,414641.1895913973
832,96,3,1,1,40,Suburbio,207167.01258534854
833,170,5,3,1,43,Centro,305414.02977244544
834,263,5,2,0,25,Suburbio,385405.3621946679
835,288,1,1,1,46,Rural,383132.92056788295
836,105,4,2,1,33,Suburbio,208377.3143408083
837,399,4,3,0,22,Suburbio,530008.0167313287
838,156,5,1,0,30,Rural,278018.28165614745
839,368,3,2,0,49,Suburbio,467159.2135860145
840,97,2,3,1,19,Centro,187771.71196779152
841,110,3,2,1,11,Centro,210137.21772425287
842,386,2,3,0,22,Centro,516802.0234693973
843,75,5,3,1,3,Centro,169678.51854870672
844,341,2,1,0,22,Suburbio,431498.0104240153
845,306,4,3,1,47,Suburbio,476196.74120231404
846,57,1,2,0,47,Rural,105208.91039783308
847,162,1,3,1,0,Suburbio,239574.19236719358
848,302,5,3,1,24,Suburbio,493811.96485423634
849,229,4,1,1,1,Suburbio,349071.4049114883
850,256,3,3,1,29,Rural,380209.3548122543
851,352,4,3,1,2,Centro,524960.3126708149
852,176,1,2,1,20,Suburbio,258376.07419410817
853,105,1,1,0,24,Rural,159027.32912581725
854,263,4,1,0,19,Rural,381391.6907205822
855,63,4,1,1,48,Rural,139077.3647935231
856,77,1,3,0,21,Centro,146246.2246607643
857,127,3,1,0,20,Suburbio,181346.7721953257
858,265,5,3,1,32,Rural,425455.651130641
859,203,5,3,1,37,Centro,370015.62456755055
860,63,4,2,1,14,Rural,179186.12423581147
861,236,5,2,0,45,Rural,346373.92045110173
862,361,1,2,0,14,Rural,430940.86466799467
863,56,1,2,1,45,Rural,105917.16381589623
864,52,4,2,0,24,Rural,98826.4959619402
865,160,4,3,0,20,Centro,267749.9727061767
866,287,4,3,1,23,Suburbio,466478.96798473335
867,288,3,1,1,4,Suburbio,430535.172926037
868,323,5,3,1,5,Suburbio,469626.92043975665
869,343,4,3,0,48,Suburbio,481609.03008680634
870,276,2,2,0,42,Centro,353816.60170794814
871,64,2,3,1,47,Centro,107825.65198549101
872,241,1,2,0,43,Centro,309400.42591604206
873,168,5,1,1,46,Rural,273765.2430241855
874,77,4,1,1,22,Rural,161689.31922721004
875,251,2,3,1,3,Rural,382180.9023685344
876,88,5,1,1,26,Suburbio,185082.30938197032
877,322,1,3,0,17,Rural,424814.71667733125
878,280,3,1,1,20,Suburbio,389133.5022074013
879,135,5,2,1,27,Rural,252730.77078754915
880,175,5,2,1,34,Suburbio,327858.59538591054
881,349,3,2,0,21,Rural,495193.4327276055
882,74,5,2,0,39,Rural,130126.9150571475
883,194,1,3,1,22,Centro,301741.4568769311
884,62,1,1,1,2,Rural,146371.8200925221
885,261,3,3,1,39,Rural,419847.53634807153
886,74,4,2,0,49,Centro,154707.59451770238
887,117,2,3,1,9,Suburbio,194752.04284512205
888,116,4,1,1,24,Centro,229799.61680695068
889,282,5,3,1,48,Centro,422014.95289568166
890,158,2,1,1,7,Suburbio,239240.6966768669
891,195,3,3,0,10,Rural,311661.6431408964
892,160,3,1,1,4,Suburbio,248904.81306762522
893,277,2,1,0,44,Rural,327471.9938656443
894,160,1,2,1,36,Rural,238315.46636981645
895,83,2,1,1,44,Suburbio,174944.4840862463
896,160,5,2,1,37,Centro,313364.68660958926
897,313,1,2,1,28,Suburbio,430743.7237010019
898,285,3,2,0,4,Rural,424583.7087117947
899,132,2,3,1,8,Suburbio,247154.38994363832
900,91,4,3,1,47,Suburbio,204698.00458818785
901,150,4,3,0,1,Rural,287472.35679197294
902,55,5,3,0,0,Centro,143632.73815891956
903,229,4,1,1,39,Suburbio,349289.70598885824
904,331,2,1,0,29,Rural,421081.0358751231
905,369,2,3,1,10,Rural,519378.0566228913
906,275,4,1,1,27,Suburbio,397272.5557050642
907,364,2,1,1,43,Centro,485709.75689548464
908,278,5,2,0,11,Suburbio,406741.4398062479
909,338,1,2,1,38,Centro,430922.9014121593
910,199,5,2,1,25,Centro,328222.401726958
911,326,5,2,0,12,Centro,497478.9327453974
912,247,2,1,1,7,Centro,352665.5299358161
913,119,1,3,1,27,Suburbio,185083.35320406474
914,161,2,1,1,29,Rural,231231.4060996764
915,53,3,1,0,8,Rural,114677.61233360814
916,399,2,1,1,38,Rural,552243.4983773971
917,380,2,2,0,30,Rural,466269.59327306657
918,367,2,2,0,20,Rural,493910.1999535957
919,399,1,2,1,46,Rural,520237.24676062015
920,144,2,3,1,33,Suburbio,218640.69203106448
921,201,1,1,0,30,Centro,280537.46580309374
922,360,4,3,0,24,Rural,520785.6090176135
923,186,3,2,0,11,Suburbio,272545.3339354049
924,296,1,3,0,0,Rural,363011.7334810748
925,292,4,1,0,21,Rural,414482.93668998225
926,80,1,1,0,39,Centro,100605.08830488034
927,89,1,2,1,36,Centro,123185.74137467761
928,278,3,2,1,46,Centro,374727.7117972873
929,85,5,3,1,0,Rural,244370.1973423901
930,272,5,2,1,0,Rural,402286.1018535801
931,55,1,2,0,41,Rural,86785.65510146072
932,371,2,1,1,41,Centro,480951.26049378276
933,269,4,2,1,20,Suburbio,422743.0965670688
934,124,2,2,1,14,Rural,205913.89980279596
935,53,2,1,1,16,Rural,121465.4993052063
936,384,1,1,1,21,Rural,480444.50310942583
937,183,1,3,1,37,Suburbio,265115.90167653264
938,167,1,2,0,34,Rural,228181.67756301485
939,143,1,1,1,44,Suburbio,197617.43742550942
940,111,5,3,1,15,Rural,258306.13684803087
941,243,1,3,1,7,Suburbio,334541.57401096704
942,384,5,2,1,46,Rural,540986.5087623029
943,252,5,2,0,16,Centro,377933.2032156811
944,75,1,3,1,16,Centro,141470.20488826494
945,222,3,1,1,25,Centro,356071.65739235654
946,349,4,3,1,12,Centro,515716.424889286
947,182,2,2,1,16,Rural,257528.81080469
948,375,5,1,0,37,Centro,527332.9137570119
949,167,4,1,1,16,Suburbio,309332.8686286896
950,373,3,3,1,47,Centro,493875.7629629538
951,324,2,2,1,13,Centro,491756.2150943618
952,261,2,3,1,44,Centro,379503.5320464614
953,274,5,3,1,5,Rural,471977.8157813678
954,69,1,3,1,34,Centro,160141.4327008663
955,162,3,1,0,45,Suburbio,246352.35285415483
956,189,5,1,1,13,Centro,323089.2880598464
957,96,3,2,1,46,Centro,201553.9628838283
958,50,1,2,1,7,Centro,116591.99539741839
959,139,1,3,1,14,Suburbio,246609.6944981528
960,191,5,3,1,26,Centro,365197.50967561366
961,369,1,3,0,12,Suburbio,459982.0682005446
962,87,4,2,1,48,Suburbio,196286.02263954014
963,342,2,1,0,30,Centro,431762.1616297326
964,188,5,1,1,34,Suburbio,316363.8127356803
965,382,3,3,0,5,Rural,533441.8549768559
966,308,4,3,1,4,Centro,479339.40435150714
967,210,5,3,1,21,Centro,396970.5062445808
968,227,1,3,0,48,Suburbio,266071.04746211873
969,59,1,2,1,22,Suburbio,80353.13286260428
970,310,1,1,1,24,Centro,366334.1985666885
971,187,1,3,0,33,Rural,274282.88527871825
972,221,3,2,1,25,Suburbio,322231.2501626468
973,62,4,3,1,46,Suburbio,164043.72939029773
974,217,2,3,1,4,Rural,336105.6575175084
975,179,3,1,0,25,Rural,239572.4971872004
976,133,3,3,0,19,Centro,242129.54475111398
977,370,2,1,0,5,Rural,478950.7406356523
978,368,2,1,0,5,Centro,474345.2984592323
979,150,1,1,0,49,Rural,185157.42615480503
980,378,3,2,1,17,Suburbio,544515.4416967643
981,322,5,2,1,3,Centro,480720.47512931103
982,314,2,1,1,16,Centro,446258.36694666574
983,87,2,3,1,13,Centro,206897.070395467
984,143,4,1,0,13,Rural,206577.55262477646
985,144,5,3,0,12,Suburbio,277365.97958255664
986,354,5,1,1,6,Centro,520701.55575285346
987,118,2,3,0,43,Centro,194084.6116144028
988,367,1,2,1,14,Centro,464066.815749463
989,285,4,3,1,18,Centro,475578.7645128715
990,383,5,1,1,42,Suburbio,511442.1038714186
991,186,2,2,1,46,Rural,265314.3812044693
992,125,5,3,1,43,Suburbio,262185.9215199072
993,84,4,3,1,34,Centro,180073.2630613035
994,50,4,3,1,16,Suburbio,145131.96903085924
995,345,3,3,1,34,Centro,496444.71273261047
996,369,2,3,1,18,Rural,515355.1983998216
997,109,4,2,1,19,Rural,221418.763388303
998,369,3,2,1,35,Rural,527473.7702293125
999,398,3,2,1,34,Centro,537710.5461314396
1000,377,5,2,1,31,Suburbio,558291.8529959001
